Name,Address,Email,Details
1849 Wine Company, ,info@1849wine.com,/winery/1849-wine-company/
601 Cellars, ,Info@601cellars.com,/cellars/601-cellars/
Accendo Cellars, ,info@accendocellars.com,/cellars/accendo-cellars/
Ackerman Family Vineyards, ,wineconcierge@ackermanfamilyvineyards.com,/vineyards/ackerman-family-vineyards/
Acre Wines, ,info@acrewines.com,/winery/acre-wines/
Acumen, ,info@acumenwine.com,/winery/acumen/
ADAMVS, ,info@adamvs.com,/winery/adamvs/
Adler Deutsch Vineyard, ,info@adlerdeutsch.com,/vineyards/adler-deutsch-vineyard/
Aiken Wines, ,info@aikenwines.com,/winery/aiken-wines/
Alejandro Bulgheroni Estate, ,info@bulgheroniwine.com,/winery/alejandro-bulgheroni-estate/
Aloft Wine, ,alycia@aloftwine.com,/winery/aloft-wines/
Alpha Omega, ,info@aowinery.com,/winery/alpha-omega/
Alta Napa Valley, ,info@altawinery.com,/winery/alta-napa-valley/
Amici Cellars, ,information@amicicellars.com,/cellars/amici-cellars/
Amizetta, ,cab@amizetta.com,/winery/amizetta/
Amuse Bouche Winery, ,john@amusebouchewine.com,/winery/amuse-bouche-winery/
Ancien, ,thequest@ancienwines.com,/winery/ancien/
Anderson's Conn Valley Vineyards, ,info@andersonconnvalley.com,/vineyards/andersons-conn-valley-vineyards/
Angwin Estate Vineyards, ,jon@angwinestatevineyards.com,/estates/angwin-estate-vineyards/
Anomaly Vineyards, ,info@anomalyvineyards.com,/vineyards/anomaly-vineyards/
Anthem Winery And Vineyards, ,info@anthemwinery.com,/winery/anthem-winery-and-vineyards/
Antinori-Antica Estate, ,kim.wiss@anticanapavalley.com,/estates/antica-napa-valley---antinori-family-wine-estate/
Aratas Wine, ,Uncorked@Arataswine.com,/winery/aratas-wine/
Arietta, ,info@ariettawine.com,/winery/arietta/
Arkenstone Vineyards, ,info@arkenstone.com,/vineyards/arkenstone-vineyards/
ARNS, ,info@arnswinery.com,/winery/arns/
Arrow&Branch, ,wine@arrowandbranch.com,/winery/arrowandbranch/
Artesa Vineyards & Winery, ,info@artesawinery.com,/winery/artesa-winery/
Ashes & Diamonds, ,concierge@ashesdiamonds.com,/winery/ashes-&-diamonds/
Axios, ,info@axioswine.com,/winery/axios/
AXR Napa Valley, ,info@axrnapavalley.com,/winery/axr/
B Cellars, ,info@bcellars.com,/cellars/b-cellars/
Baldacci Family Vineyards, ,info@baldaccivineyards.com,/vineyards/baldacci-family-vineyards/
Ballentine Vineyards, ,info@ballentinevineyards.com,/vineyards/ballentine-vineyards/
Barbour Vineyards, ,info@barbourvineyards.com,/vineyards/barbour-vineyards/
Barlow Vineyards, ,info@barlowvineyards.com,/vineyards/barlow-vineyards/
Barnett Vineyards, ,winery@barnettvineyards.com,/vineyards/barnett-vineyards/
Battuello Vineyards, ,torey@battuellovineyards.com,/vineyards/battuello-family-wines/
Beaucanon Estate, ,info@beaucanonestate.com,/estates/beaucanon-estate/
Beaulieu Vineyard, ,cs_bv@bvwines.com,/vineyards/beaulieu-vineyard/
Becklyn Cellars, ,info@becklyncellars.com,/cellars/becklyn/
Behrens Family Winery, ,mail@behrensfamilywinery.com,/winery/behrens-family-winery/
Bell Wine Cellars, ,info@bellwine.com,/cellars/bell-wine-cellars/
Bella Union, ,info@bellaunionwinery.com,/winery/bella-union/
Belle Glos, ,info@belleglos.com,/winery/belle-glos/
Bello Family Vineyards, ,info@bellofamilyvineyards.com,/vineyards/bello-family-vineyards/
Benessere, ,wine@benesserevineyards.com,/winery/benessere/
Bennett Lane, ,info@bennettlane.com,/winery/bennett-lane/
Beringer Vineyards, ,cs_beringer@beringer.com,/vineyards/beringer-vineyards/
Big Ranch, ,rebeccal@lairdfamilyestate.com,/winery/big-ranch/
Bjorn Vineyards, ,Bjorn@bjornvineyards.com,/vineyards/bjorn-vineyards/
Black Stallion Estate Winery, ,info@blackstallionwinery.com,/winery/black-stallion-winery/
Blackbird Vineyards, ,info@blackbirdvineyards.com,/vineyards/blackbird-vineyards/
Blankiet Estate, ,winery@blankiet.com,/estates/blankiet-estate/
Boeschen Vineyards, ,info@boeschenvineyards.com,/vineyards/boeschen-vineyards/
Boich Family Cellar, ,info@boichfamilycellar.com,/cellars/boich-family-cellar/
BOND, ,info@bond.wine,/winery/bond/
Bouchaine Vineyards, ,info@bouchaine.com,/vineyards/bouchaine-vineyards/
Bougetz Cellars, ,info@bougetzcellars.com,/cellars/bougetz-cellars/
Boyd Family Vineyards, ,info@boydwine.com,/vineyards/boyd-family-vineyards/
BRAND Napa Valley, ,info@brandnapavalley.com,/winery/brand-napa-valley/
Brandlin, ,wine@brandlinvineyard.com,/vineyards/brandlin-vineyard/
Brasswood, ,info@brasswood.com,/winery/brasswood/
Bravante Vineyards, ,michelle@bravantewine.com,/vineyards/bravante-vineyards/
Brilliant Mistake Wines, ,john@brilliantmistakewines.com,/winery/brilliant-mistake-wines/
BRION, ,inquire@brionwines.com,/winery/brion/
Broman Cellars, ,wines@bromancellars.com,/cellars/broman-cellars/
Brown Estate Vineyards, ,winery@brownestate.com,/vineyards/brown-estate-vineyards/
Bryant Estate, ,info@bryantwines.com,/vineyards/bryant-estate/
Buccella, ,contactus@buccella.com,/winery/buccella/
Buehler Vineyards, ,john@buehlervineyards.com,/vineyards/buehler-vineyards/
Buena Vista Winery, ,customerservice@buenavistawinery.com,/winery/buena-vista-winery/
Buoncristiani Family Winery, ,bros@buonwine.com,/winery/buoncristiani-family-winery/
Burgess Cellars, ,vino@burgesscellars.com,/cellars/burgess-cellars/
Ca' Momi, ,info@camomi.com,/winery/ca-momi/
CADE Estate Winery, ,tastingroom@cadewinery.com,/winery/cade-estate-winery/
Cain Vineyard & Winery, ,winery@cainfive.com,/winery/cain-vineyard-and-winery/
Cakebread Cellars, ,cellars@cakebread.com,/cellars/cakebread-cellars/
Caldwell Vineyard, ,jfc@caldwellvineyard.com,/vineyards/caldwell-vineyard/
Calla Lily Estate & Winery, ,eichnerse@comcast.net,/vineyards/calla-lily-vineyards/
Calmere Estate Winery, ,customercare@calmereestate.com,/estates/calmere-estate-winery/
CAMi Vineyards, ,info@camivineyards.com,/vineyards/cami-vineyards/
Canard Vineyard, ,info@canardvineyard.com,/vineyards/canard-vineyard/
Cardinale, ,info@cardinale.com,/winery/cardinale/
Carter Cellars, ,info@cartercellars.com,/cellars/carter-cellars/
Casa Nuestra, ,info@casanuestra.com,/winery/casa-nuestra-winery-and-vineyards/
Casa Piena, ,wine@casapiena.com,/winery/casa-piena/
Castello di Amorosa, ,tours@castellodiamorosa.com,/winery/castello-di-amorosa/
Castiel Estate, ,info@castielestate.com,/estates/castiel-estate/
CAVUS, ,info@cavusvineyards.com,/winery/cavus/
Caymus Vineyards, ,info@caymus.com,/vineyards/caymus-vineyards/
Ceja Vineyards, ,wine@cejavineyards.com,/vineyards/ceja-vineyards/
Celani Family Vineyards, ,vicki@celaniwines.com,/vineyards/celani-family-vineyards/
Chaix Wines, ,info@chaixwines.com,/winery/chaix-wines/
Chappellet Vineyard, ,info@chappellet.com,/vineyards/chappellet-vineyard/
Charles Krug, ,info@charleskrug.com,/winery/charles-krug/
Chase Cellars, ,chase@chasecellars.com,/cellars/chase-cellars/
Chateau Boswell Winery, ,jeff.alexander@chateauboswellwinery.com,/winery/chateau-boswell-winery/
Chateau De Vie, ,felipe@cdvnapavalley.com,/vineyards/chateau-de-vie/
Chateau Montelena, ,customer-service@montelena.com,/winery/chateau-montelena/
Checkerboard Vineyards, ,info@checkerboardvineyards.com,/vineyards/checkerboard-vineyards/
Chimney Rock Winery, ,tourtaste@chimneyrock.com,/winery/chimney-rock-winery/
Christopher Tynan Wines, ,chris@christophertynan.com,/winery/christopher-tynan-wines/
Cimarossa, ,info@cimarossa.com,/winery/cimarossa/
Clark-Claudon Vineyards, ,wine@clarkclaudon.com,/vineyards/clark-claudon-vineyards/
Clif Family Winery, ,winery@cliffamily.com,/winery/clif-family-winery/
Cliff Lede Vineyards, ,info@cliffledevineyards.com,/vineyards/cliff-lede-vineyards/
Clos Du Val, ,hospitality@closduval.com,/winery/clos-du-val/
Clos Pegase, ,cphospitality@clospegase.com,/winery/clos-pegase/
Colgin Cellars, ,info@colgincellars.com,/cellars/colgin-cellars/
Conn Creek Winery, ,info@conncreek.com,/winery/conn-creek-winery/
CONSTANT, ,info@constantwine.com,/winery/constant/
Continuum Estate, ,cindy@continuumestate.com,/estates/continuum-estate/
Contrail Vintners, ,steve@whynotwines.com,/vineyards/contrail-vintners/
Coquerel Family Wine Estates, ,info@coquerelwines.com,/estates/coquerel-family-wine-estates/
Corison Winery, ,visit@corison.com,/winery/corison-winery/
Cornerstone Cellars, ,info@cornerstonecellars.com,/cellars/cornerstone-cellars/
Correlation Wine Company, ,steffens@correlationwines.com,/winery/correlation-wine-company/
Coup De Foudre Winery, ,coupdefoudreWine@aol.com,/winery/coup-de-foudre-winery/
Courtesan, ,sales@courtesanwines.com,/winery/courtesan/
Covert Estate, ,Contact@covertestate.com,/estates/covert/
Crocker & Starr Wines, ,office@crockerstarr.com,/winery/crocker-and-starr-wines/
Crosby Roamann, ,info@crosbyroamann.com,/winery/crosby-roamann/
Cuvaison, ,media@cuvaison.com,/estates/cuvaison-estate-wines/
Dakota Shy, ,info@dakotashywine.com,/winery/dakota-shy/
Dalecio Family Wines, ,info@dalecio.com,/cellars/dalecio-family-wines/
Dalla Valle Vineyards, ,info@dallavallevineyards.com,/vineyards/dalla-valle-vineyards/
Dana Estates, ,inquiries@danaestates.com,/estates/dana-estates/
Darioush, ,darioush@darioush.com,/winery/darioush/
Darms Lane, ,info@darmslanewine.com,/winery/darms-lane/
David Arthur Vineyards, ,tours@davidarthur.com,/vineyards/david-arthur-vineyards/
David Fulton Winery, ,info@davidfultonwinery.com,/winery/david-fulton-winery/
Davies Vineyards, ,daviesinfo@schramsberg.com,/vineyards/j-davies-vineyards/
Davis Estates, ,concierge@davisestates.com,/estates/davis-estates/
Del Dotto Vineyards, ,mail@deldottovineyards.com,/vineyards/del-dotto-vineyards/
Detert Family Vineyards, ,info@detert.com,/vineyards/detert-family-vineyards/
Diamond Creek Vineyards, ,info@diamondcreekvineyards.com,/vineyards/diamond-creek-vineyards/
Dolce, ,info@dolcewine.com,/winery/dolce/
Domaine Chandon, ,concierge@chandon.com,/winery/domaine-chandon/
Dominus Estate, ,info@dominusestate.com,/estates/dominus-estate/
Dos Lagos Vineyards, ,tom@doslagosvineyards.com,/vineyards/dos-lagos-vineyards/
Duckhorn Vineyards, ,reservations@duckhorn.com,/vineyards/duckhorn-vineyards/
Dutch Henry Winery, ,info@dutchhenry.com,/winery/dutch-henry-winery/
Dyer Vineyard, ,info@dyerwine.com,/vineyards/dyer-vineyard/
Ehlers Estate, ,info@ehlersestate.com,/estates/ehlers-estate/
Eisele Vineyard, ,wine@eiselevineyard.com,/winery/eisele-vineyard/
Eleven Eleven, ,info@elevenelevenwines.com,/winery/eleven-eleven/
Elizabeth Spencer, ,info@elizabethspencerwinery.com,/winery/elizabeth-spencer/
Ellman Family Vineyards, ,evan@ellmanfamilyvineyards.com,/vineyards/ellman-family-vineyards/
Emerson Brown, ,info@emersonbrownwines.com,/winery/emerson-brown/
Emmolo Wines, ,info@wagnerfamilyofwine.com,/vineyards/emmolo-wines/
Envy Wines, ,info@envywines.com,/winery/envy-wines/
Erba Mountainside Vineyards, ,erbavineyards@gmail.com,/vineyards/erba-mountainside-vineyards/
Essere Franco, ,info@esserefranco.com,/winery/essere-franco/
Etude, ,cs_etude@EtudeWines.com,/winery/etude/
Fairchild Napa Valley, ,info@fairchildwines.com,/winery/fairchild-napa-valley/
Fairwinds Estate Winery, ,info@fairwindsestatewinery.com,/estates/fairwinds-estate-winery/
Fantesca Estate & Winery, ,info@fantesca.com,/winery/fantesca-estate-and-winery/
Far Niente, ,info@farniente.com,/winery/far-niente/
Farella Vineyard, ,info@farella.com,/vineyards/farella-vineyard/
FARM Napa Valley, ,sarah@javwine.com,/winery/farm-napa-valley/
Faust, ,info@faustwine.com,/winery/faust/
Faustini Wines, ,michelle@faustiniwines.com,/winery/faustini-wines/
Favia, ,info@faviawines.com,/winery/favia-erickson-winegrowers/
Fiftyrow Vineyards, ,info@fiftyrow.com,/vineyards/fiftyrow-vineyards/
Fisher Vineyards, ,wine@fishervineyards.com,/vineyards/fisher-vineyards/
Fleury Estate Winery, ,info@fleurywinery.com,/winery/fleury-estate-winery/
Flora Springs Winery & Vineyards, ,info@florasprings.com,/winery/flora-springs-winery-and-vineyards/
Foley Johnson, ,info@foleyjohnsonwines.com,/winery/foley-johnson/
Fontanella Family Winery, ,info@fontanellawines.com,/winery/fontanella-family-winery/
Fortunati Vineyards, ,info@fortunativineyards.com,/vineyards/fortunati-vineyards/
Frank Family Vineyards, ,info@frankfamilyvineyards.com,/vineyards/frank-family-vineyards/
Freedom Estate, ,shawn@freedomestatewine.com,/estates/freedom-estate-wine/
Freemark Abbey, ,wineinfo@freemarkabbey.com,/winery/freemark-abbey/
Frias Family Vineyard, ,fern@friasfamilyvineyard.com,/vineyards/frias-family-vineyard/
Frog's Leap, ,ribbit@frogsleap.com,/winery/frogs-leap/
Galerie, ,info@galeriewines.com,/winery/galerie/
Gallica, ,admin@gallicawine.com,/winery/gallica/
Gallo Signature Series, ,carolyn.dolcini@ejgallo.com,/winery/gallo-signature-series/
Gamble Family Vineyards, ,wine@gamblefamilyvineyards.com,/vineyards/gamble-family-vineyards/
Gandona Estate, ,info@gandona.com,/estates/gandona-estate/
Gargiulo Vineyards, ,sharon@gargiulovineyards.com,/vineyards/gargiulo-vineyards/
Gemstone, ,info@GemstoneVineyard.com,/winery/gemstone/
Gentleman Farmer Wines, ,joey@gentlemanfarmerwines.com,/winery/gentleman-farmer-wines/
Geodesy, ,info@geodesywine.com,/cellars/geodesy/
Ghost Block Estate Wines, ,drinkcab@ghostblockwine.com,/winery/ghost-block-estate-wines/
Gibbs Vineyards, ,spencer@terroirnv.com,/estates/gibbs-vineyards/
Girard Winery, ,hospitality@girardwinery.com,/winery/girard-winery/
Gold Coast Vineyards, ,kouros.gcvwine@gmail.com,/vineyards/gold-coast-vineyards/
Goosecross Cellars, ,wine@goosecross.com,/cellars/goosecross-cellars/
Grace Family Vineyards, ,info@gracefamilyvineyards.com,/Vineyards/grace-family-vineyards/
Grand Napa Vineyards, ,dwight@grandnapavineyards.com,/vineyards/grand-napa-vineyards/
Grgich Hills Estate, ,info@grgich.com,/estates/grgich-hills-estate/
Grieve Family Winery, ,info@grievewinery.com,/winery/grieve-family-winery/
Groth Vineyards & Winery, ,concierge@grothwines.com,/winery/groth-vineyards-and-winery/
Grounded Wine Co., ,josh@groundedwineco.com,/winery/grounded-wine-co/
Guarachi Family Wines, ,Info@GuarachiFamilyWines.com,/winery/guarachi-family-wines/
Haber Family Vineyards, ,ronh@haberwine.com,/vineyards/haber-family/
Hagafen Cellars, ,visit@hagafen.com,/cellars/hagafen/
HALL, ,info@hallwines.com,/winery/hall/
Handwritten Wines, ,wine@handwrittenwines.com,/winery/handwritten-wines/
Harbison Estate Wines, ,facebook.com/harbisonwines,/estates/harbison-estate-wines/
Harlan Estate, ,info@harlanestate.com,/estates/harlan-estate/
Hartwell Vineyards, ,info@hartwellvineyards.com,/vineyards/hartwell-vineyards/
Havens Winery, ,info@havenswinery.com,/winery/havens-winery/
Heitz Cellar, ,info@heitzcellar.com,/cellars/heitz-wine-cellars/
Herb Lamb Vineyards, ,info@herblambvineyards.com,/vineyards/herb-lamb-vineyards/
Hertelendy Vineyards, ,info@hertelendy.com,/vineyards/hertelendy/
Hesperian Wines, ,info@hesperianwines.com,/winery/hesperian-wines/
Hestan Vineyards, ,ann@hestan.com,/vineyards/hestan-vineyards/
Hewitt Vineyard, ,cs_hewitt@hewittvineyard.com,/vineyards/hewitt-vineyard/
High Dive Cellars, ,divein@shareasplash.com,/cellars/high-dive-cellars/
Highlands Winery, ,psegas@highlandswinery.com,/winery/highlands-winery/
Hill Family Estate, ,info@hillfamilyestate.com,/estates/hill-family-estate/
Hindsight Vineyards, ,sgersch@hindsightwines.com,/vineyards/hindsight-vineyards/
Honig Vineyard & Winery, ,info@honigwine.com,/winery/honig-vineyard-and-winery/
Hoopes Vineyard, ,info@hoopesvineyard.com,/vineyards/hoopes-vineyard/
hope & grace Winery, ,info@hopeandgracewines.com ,/winery/hope-and-grace-winery/
Hourglass, ,haidee@hourglasswine.com,/winery/hourglass/
Howell at the Moon, ,marc@howellatthemoonwine.com,/winery/howell-at-the-moon/
Hudson Ranch, ,info@hudsonranch.com,/vineyards/hudson-vineyards/
HUNNICUTT, ,info@hunnicuttwines.com,/winery/hunnicutt/
Hyde Estate, ,info@hydewines.com,/estates/hyde-estate-winery/
Ideology Cellars, ,info@ideologycellars.com,/cellars/ideology-cellars/
Inglenook, ,info@inglenook.com,/winery/inglenook/
Ink Grade, ,westin.lawrence@gmail.com,/cellars/ink-grade/
Italics Winegrowers, ,info@italicswinerowers.com,/winery/italics-winegrowers/
J. McClelland Cellars, ,kaplands@msn.com,/cellars/j-mcclelland-cellars/
J. Moss, ,james@jmosswines.com,/winery/j-moss-wines/
Jack Winery, ,info@jackwinery.com,/winery/jack-winery/
JaM Cellars, ,info@jamcellars.com,/cellars/jam-cellars/
Jamieson Ranch Vineyards, ,info@jamiesonranch.com,/vineyards/jamieson-ranch-vineyards/
Jarvis, ,info@jarviswines.com,/winery/jarvis/
JAX Vineyards, ,info@jaxvineyards.com,/vineyards/jax-vineyards/
JCB by Jean-Charles Boisset, ,concierge@jcbcollection.com,/winery/jcb-by-charles-boisset/
Jean Edwards Cellars, ,wine@jeanedwardscellars.com,/cellars/jean-edwards-cellars/
Jericho Canyon Vineyard, ,info@jerichocanyonvineyard.com,/vineyards/jericho-canyon-vineyard/
Jessup Cellars, ,wine@jessupcellars.com,/cellars/jessup-cellars/
Joel Gott Wines, ,info@gottwines.com,/winery/joel-gott-wines/
John Anthony Vineyards, ,Info@javwine.com,/vineyards/john-anthony-vineyards/
Jon Nathaniel Cellars, ,info@jonnathanielwines.com,/cellars/jon-nathaniel-cellars/
Jones Family Vineyards, ,email@joneswine.com,/vineyards/jones-family-vineyards/
Joseph Cellars, ,Mail@josephcellars.com,/cellars/joseph-cellars/
Joseph Phelps Vineyards, ,info@josephphelps.com,/vineyards/joseph-phelps-vineyards/
Judd's Hill, ,info@juddshill.com,/winery/judds-hill/
Juslyn Vineyards, ,info@juslynvineyards.com,/vineyards/juslyn-vineyards/
Kale Wines, ,info@kalewines.com,/winery/kale-wines/
Kapcsandy Family Winery, ,info@kapcsandywines.com,/winery/kapcsandy-family-winery/
Keenan Winery, ,info@keenanwinery.com,/winery/keenan-winery/
Keever Vineyards, ,info@keevervineyards.com,/vineyards/keever-vineyards/
Kelleher Family Vineyards, ,wine@kelleher.com,/vineyards/kelleher-family-vineyards/
Kelly Fleming Wines, ,welcome@kellyflemingwines.com,/winery/kelly-fleming-wines/
Kenefick Ranch Winery, ,info@kenefickranch.com ,/winery/kenefick-ranch-winery/
Kenzo Estate, ,mischelle@kenzoestate.com,/estates/kenzo-estate/
Kerr Cellars, ,info@kerrcellars.com,/cellars/kerr-cellars/
KIND, ,info@kindcellars.com,/winery/kind/
Knighton Family Vineyards, ,jim@knightonfamilyvineyards.com,/vineyards/knighton-family-vineyards/
Knights Bridge Winery, ,info@knightsbridgewinery.com,/winery/knights-bridge-winery/
Kongsgaard, ,info@kongsgaardwine.com,/winery/kongsgaard/
Krupp Brothers, ,info@kruppbrothers.com,/winery/krupp-brothers/
Kuleto Estate, ,info@kuletoestate.com,/estates/kuleto-estate/
La Jota Vineyard Co., ,info@lajotawines.com,/vineyards/la-jota-vineyard-co/
La Sirena, ,winery@lasirenawine.com,/winery/la-sirena/
Labry Wines, ,Info@labrywine.com,/winery/labry-wines/
Ladera Vineyards, ,winery@laderavineyards.com,/vineyards/ladera-vineyards/
Lagier Meredith Vineyard, ,mail@lagiermeredith.com,/vineyards/lagier-meredith-vineyard/
Lagniappe Peak Vineyards, ,lagniappepeak@gmail.com,/vineyards/lagniappe-peak-vineyards/
Lail Vineyards, ,info@lailvineyards.com,/vineyards/lail-vineyards/
Laird Family Estate, ,info@lairdfamilyestate.com,/estates/laird-family-estate/
Lamborn Family Vineyards, ,"mike@lamborn.com, brian@lamborn.com",/vineyards/lamborn-family-vineyards/
Lang & Reed Wine Company, ,tracey@langandreed.com,/winery/lang-and-reed-wine-company/
Larkmead Vineyards, ,info@larkmead.com,/vineyards/larkmead-vineyards/
LATERAL, ,info@lateralwine.com,/winery/lateral/
Laura Michael Wines, ,laura@lauramichaelwines.com,/vineyards/zahtila-vineyards/
Lawer Family Wines, ,info@lawerestates.com,/winery/lawer-family-wines/
Leaf And Vine, ,tim@leafandvine.com,/winery/leaf-and-vine/
Levendi Winery, ,info@levendiwinery.com,/winery/levendi-winery/
Levy & McClellan, ,info@levymcclellan.com,/winery/levy-and-mcclellan/
Lewis Cellars, ,info@lewiscellars.com,/cellars/lewis-cellars/
Lobo Wines, ,info@lobowines.com,/winery/lobo-wines/
Lokoya, ,info@lokoya.com,/winery/lokoya/
Long Meadow Ranch Winery, ,info@longmeadowranch.com,/winery/long-meadow-ranch-winery/
Louis M. Martini Winery, ,info@louismartini.com,/winery/louis-m-martini-winery/
Luna Vineyards, ,info@lunavineyards.com,/vineyards/luna-vineyards/
Macauley Vineyard, ,mhw@macaulevineyard.com,/vineyards/macauley-vineyard/
Madonna Estate, ,susan@madonnaestate.com,/estates/madonna-estate/
Magna Carta Cellars, ,david@magnacartacellars.com,/cellars/magna-carta-cellars/
Malk Family Vineyards, ,info@malkfamilyvineyards.com,/vineyards/malk-family-vineyards/
Marciano Estate, ,info@marcianoestate.com,/estates/marciano-estate/
Mario Bazán Cellars, ,info@mariobazancellars.com,/cellars/mario-bazandaacute;n-cellars/
Marketta Winery & Vineyard, ,marketta@markettawinery.com,/winery/marketta-winery-and-vineyard/
Markham Vineyards, ,info@markhamvineyards.com,/vineyards/markham-vineyards/
Maroon Wines, ,kara@maroonwines.com,/winery/maroon-wines/
Marston Family Vineyard, ,info@marstonfamilyvineyard.com,/vineyards/marston-family-vineyard/
Martin Estate, ,info@martinestate.com,/estates/martin-estate/
"Materra, Cunat Family Vineyards", ,info@materrawines.com,/vineyards/materra-cunat-family-vineyards/
Mathew Bruno, ,info@mathewbruno.com,/winery/mathew-bruno/
Matthiasson, ,info@matthiasson.com,/winery/matthiasson/
Maxville Lake Winery, ,rmorales@maxvillelakewines.com,/winery/maxville-lake-winery/
Mayacamas Vineyards, ,contact@mayacamas.com,/vineyards/mayacamas-vineyards/
McKenzie-Mueller Vineyards & Winery, ,sam@mckenziemueller.com,/winery/mckenzie-mueller-vineyards-and-winery/
Melka Estates, ,info@melkaestates.com,/winery/melka-wines/
Memento Mori, ,info@mmwine.com,/winery/memento-mori/
Mending Wall, ,info@mendingwall.com,/winery/mending-wall/
Merryvale Vineyards, ,info@merryvale.com,/vineyards/merryvale-vineyards/
Merus, ,merus@meruswines.com,/winery/merus/
Metaphora Wines, ,info@metaphorawines.com,/winery/metaphora-wines/
Meteor, ,info@meteorvineyard.com,/vineyards/meteor-vineyard/
Metzker Family Estates, ,cmetzker@mfewines.com,/estates/metzker-family-estates/
Mi Sueño Winery, ,wine@misuenowinery.com,/winery/mi-sueno-winery/
Michael Mondavi Family Estate, ,info@michaelmondavifamilyestate.com,/estates/michael-mondavi-family-estate/
Miner Family Winery, ,info@minerwines.com,/winery/miner-family-winery/
Mira Winery, ,info@miranapa.com,/winery/mira-winery/
Mithra Winery, ,aria@mithrawinery.com,/winery/mithra-winery/
Modus Operandi Cellars, ,jason@moduswines.com,/cellars/modus-operandi-cellars/
Monticello Vineyards, ,wine@corleyfamilynapavalley.com,/vineyards/monticello-vineyards/
Moone-Tsai Vineyards, ,larrytsai@moonetsai.com,/vineyards/moone-tsai-vineyards/
Morlet Family Vineyards, ,info@morletwines.com,/vineyards/morlet-family-vineyards/
Mount Veeder Winery, ,info@franciscan.com,/winery/mount-veeder-winery/
Mt. Brave, ,info@mtbravewines.com,/winery/mt-brave/
Mumm Napa, ,mumm_info@mummnapa.com,/winery/mumm-napa/
Myriad Cellars, ,info@myriadcellars.com,/cellars/myriad-cellars/
Napa Cellars, ,info@napacellars.com,/cellars/napa-cellars/
Napa Valley College Estate Winery, ,pgospodarczyk@napavalley.edu,/winery/napa-valley-college-estate-winery/
Neal Family Vineyards, ,mneal@nealvineyards.com,/vineyards/neal-family-vineyards/
Nellcôte, ,indulge@nellcote.com,/winery/nellcote/
Nemerever, ,info@nemerever.com,/vineyards/nemerever-vineyards/
Newton Vineyard, ,winery@newtonvineyard.com,/vineyards/newton-vineyard/
Nichelini Family Winery, ,mail@nicheliniwinery.com,/winery/nichelini-family-winery/
Nickel & Nickel, ,information@nickelandnickel.com,/winery/nickel-and-nickel/
Night Wines, ,Info@NightWines.com,/winery/night-wines/
Oakville East Exposure, ,estern@oakvilleeast.com,/winery/oakville-east-exposure/
Oakville Ranch Vineyards, ,shelia@oakvilleranch.com,/vineyards/oakville-ranch-vineyards/
O'Brien Estate, ,info@obrienestate.com,/estates/obrien-estate/
O'Connell Family Wines, ,hospitality@oconnellfamilywines.com.,/winery/o-connell-family-wines/
Odette Estate Winery, ,tastingroom@odettewinery.com,/winery/odette-estate-winery/
On Q Wines, ,steve@onqwines.com,/winery/on-q-wines/
ONEHOPE, ,Stephane@onehopewine.com,/winery/onehope/
Opus One, ,info@opusonewinery.com,/winery/opus-one/
O'Shaughnessy Estate Winery, ,info@oshaughnessywinery.com,/winery/oshaughnessy-estate-winery/
Outpost Wines, ,info@outpostwines.com,/winery/outpost-wines/
Ovid. Napa Valley, ,info@ovidnapavalley.com ,/winery/ovid-napa-valley/
Padis Vineyards, ,alexis@padisvineyards.com,/vineyards/padis-vineyards/
Page Wine Cellars, ,info@pagewinecellars.com,/cellars/page-wine-cellars/
Pahlmeyer, ,info@pahlmeyer.com,/winery/pahlmeyer/
Palazzo Wine, ,wine@palazzowine.com,/winery/palazzo-wine/
Palmaz Vineyards, ,contactus@palmazvineyards.com,/vineyards/palmaz-vineyards/
Paradigm Winery, ,info@paradigmwinery.com,/winery/paradigm-winery/
Paraduxx, ,reservations@paraduxx.com,/winery/paraduxx/
Parallel Napa Valley, ,adrienne@parallelwines.com,/winery/parallel-napa-valley/
PATEL - Napa Valley, ,info@patelwinery.com,/winery/patel---napa-valley/
Patland Estate Vineyards, ,info@patlandvineyards.com,/vineyards/patland-estate-vineyards/
Paul Hobbs, ,info@paulhobbs.com,/winery/paul-hobbs/
Paula Kornell Sparkling Wine, ,https://facebook.com/paulakornellsparkling/,/winery/paula-kornell-sparkling-wine/
